{"train/loss": 2.9698, "train/learning_rate": 4.000000000000001e-06, "train/epoch": 0.25, "train/global_step": 5, "_timestamp": 1698226680.8608603, "_runtime": 61.62549328804016, "_step": 4, "_wandb": {"runtime": 71}}