{"train/loss": 4.9283, "train/learning_rate": 2e-05, "train/epoch": 0.04, "train/global_step": 2, "_timestamp": 1700134113.4673498, "_runtime": 76.5664587020874, "_step": 4, "eval/loss": 5.778966426849365, "eval/runtime": 14.9603, "eval/samples_per_second": 0.401, "eval/steps_per_second": 0.401, "train/train_runtime": 77.6103, "train/train_samples_per_second": 0.052, "train/train_steps_per_second": 0.026, "train/total_flos": 1170032662609920.0, "train/train_loss": 4.456435680389404, "_wandb": {"runtime": 75}}