{"train/loss": 8.856, "train/learning_rate": 2e-05, "train/epoch": 0.03, "train/global_step": 1, "_timestamp": 1698603703.9540448, "_runtime": 116.9533097743988, "_step": 0, "_wandb": {"runtime": 134}}