{"train/loss": 4.825, "train/learning_rate": 2e-05, "train/epoch": 0.04, "train/global_step": 2, "_timestamp": 1700039923.863978, "_runtime": 107.04160499572754, "_step": 4, "eval/loss": 5.817183971405029, "eval/runtime": 15.6436, "eval/samples_per_second": 0.384, "eval/steps_per_second": 0.384, "train/train_runtime": 109.1612, "train/train_samples_per_second": 0.037, "train/train_steps_per_second": 0.018, "train/total_flos": 1170032662609920.0, "train/train_loss": 4.984420299530029, "_wandb": {"runtime": 124}}