{"train/loss": 0.0, "train/learning_rate": 3e-06, "train/epoch": 0.15, "train/global_step": 3, "_timestamp": 1698221183.6890554, "_runtime": 116.47979044914246, "_step": 2, "_wandb": {"runtime": 156}}