{"train/loss": 0.0, "train/learning_rate": 1.7e-05, "train/epoch": 0.85, "train/global_step": 17, "_timestamp": 1698144123.3534725, "_runtime": 161.909250497818, "_step": 16, "_wandb": {"runtime": 170}}