{"train/loss": 4.232, "train/learning_rate": 2e-05, "train/epoch": 0.22, "train/global_step": 3, "_timestamp": 1699823796.047123, "_runtime": 292.67455291748047, "_step": 2}