{"train/loss": 0.0, "train/learning_rate": 1.0000000000000002e-06, "train/epoch": 0.05, "train/global_step": 1, "_timestamp": 1698057081.9532533, "_runtime": 13.969877243041992, "_step": 0, "_wandb": {"runtime": 13}}