{"train/loss": 3.6566, "train/learning_rate": 2e-05, "train/epoch": 0.07, "train/global_step": 4, "_timestamp": 1698428909.69904, "_runtime": 60.604809045791626, "_step": 3}