{"train/loss": 4.1341, "train/learning_rate": 2e-05, "train/epoch": 0.03, "train/global_step": 2, "_timestamp": 1698417104.2650268, "_runtime": 42.01052474975586, "_step": 1, "_wandb": {"runtime": 43}}