{"train/loss": 3.19, "train/learning_rate": 2e-05, "train/epoch": 0.34, "train/global_step": 5, "_timestamp": 1698508149.2614975, "_runtime": 431.78355860710144, "_step": 4, "_wandb": {"runtime": 431}}