{"train/loss": 10.5878, "train/learning_rate": 2e-05, "train/epoch": 0.03, "train/global_step": 1, "_timestamp": 1698946133.5050988, "_runtime": 41.31239891052246, "_step": 0, "_wandb": {"runtime": 44}}