{"train/loss": 3.316, "train/learning_rate": 0, "train/epoch": 0.1, "train/global_step": 6, "_timestamp": 1698436600.6865377, "_runtime": 128.4650537967682, "_step": 6, "eval/loss": 4.220984935760498, "eval/runtime": 38.8756, "eval/samples_per_second": 0.695, "eval/steps_per_second": 0.36, "_wandb": {"runtime": 145}}