{"train/loss": 10.9946, "train/learning_rate": 2e-05, "train/epoch": 0.1, "train/global_step": 1, "_timestamp": 1698839795.0843616, "_runtime": 39.21790266036987, "_step": 0, "_wandb": {"runtime": 52}}