{"train/loss": 1.1832, "train/learning_rate": 2e-05, "train/epoch": 4.79, "train/global_step": 70, "_timestamp": 1698446558.7274196, "_runtime": 7283.217636585236, "_step": 84, "eval/loss": 1.975825309753418, "eval/runtime": 48.003, "eval/samples_per_second": 0.562, "eval/steps_per_second": 0.292, "train/train_runtime": 7284.2498, "train/train_samples_per_second": 0.161, "train/train_steps_per_second": 0.01, "train/total_flos": 2.5412747515029094e+17, "train/train_loss": 2.8951795356614247, "_wandb": {"runtime": 7283}}