{"train/loss": 4.825, "train/learning_rate": 2e-05, "train/epoch": 0.04, "train/global_step": 2, "_timestamp": 1700039634.012516, "_runtime": 105.48826313018799, "_step": 4, "eval/loss": 5.817183971405029, "eval/runtime": 15.377, "eval/samples_per_second": 0.39, "eval/steps_per_second": 0.39, "train/train_runtime": 107.7706, "train/train_samples_per_second": 0.037, "train/train_steps_per_second": 0.019, "train/total_flos": 1170032662609920.0, "train/train_loss": 4.984420299530029, "_wandb": {"runtime": 168}}