{"train/loss": 6.0799, "train/learning_rate": 2e-05, "train/epoch": 0.06, "train/global_step": 13, "_timestamp": 1698420773.7427163, "_runtime": 90.5288872718811, "_step": 12, "_wandb": {"runtime": 90}}