{"train/loss": 0.0, "train/learning_rate": 4.000000000000001e-06, "train/epoch": 0.4, "train/global_step": 4, "_timestamp": 1698248987.894037, "_runtime": 20.712032079696655, "_step": 3, "_wandb": {"runtime": 23}}