{"train/loss": 0.0, "train/learning_rate": 1.3000000000000001e-05, "train/epoch": 1.3, "train/global_step": 13, "_timestamp": 1698250882.2687824, "_runtime": 69.95267534255981, "_step": 12, "_wandb": {"runtime": 70}}