{"train/loss": 1.1062, "train/learning_rate": 2e-05, "train/epoch": 24.91, "train/global_step": 151, "_timestamp": 1700080929.4437008, "_runtime": 33572.7424557209, "_step": 176, "eval/loss": 0.4200754165649414, "eval/runtime": 16.3297, "eval/samples_per_second": 0.367, "eval/steps_per_second": 0.367, "train/train_runtime": 33573.7383, "train/train_samples_per_second": 0.144, "train/train_steps_per_second": 0.009, "train/total_flos": 4.91837654679552e+17, "train/train_loss": 2.2845909072468613, "_wandb": {"runtime": 33591}}