{"train/loss": 4.9283, "train/learning_rate": 2e-05, "train/epoch": 0.04, "train/global_step": 2, "_timestamp": 1700036178.9756777, "_runtime": 77.41578769683838, "_step": 4, "eval/loss": 5.778966426849365, "eval/runtime": 15.0987, "eval/samples_per_second": 0.397, "eval/steps_per_second": 0.397, "train/train_runtime": 78.4277, "train/train_samples_per_second": 0.051, "train/train_steps_per_second": 0.026, "train/total_flos": 1170032662609920.0, "train/train_loss": 4.456435680389404, "_wandb": {"runtime": 77}}