{"train/loss": 1.6296, "train/learning_rate": 2.0000000000000003e-06, "train/epoch": 0.7, "train/global_step": 7, "_timestamp": 1698229613.2198162, "_runtime": 82.85044312477112, "_step": 6, "_wandb": {"runtime": 90}}