{"train/loss": 10.3745, "train/learning_rate": 2e-05, "train/epoch": 0.07, "train/global_step": 2, "_timestamp": 1698943289.2496855, "_runtime": 81.57035851478577, "_step": 1, "_wandb": {"runtime": 86}}