{"train/loss": 10.0931, "train/learning_rate": 2e-05, "train/epoch": 0.11, "train/global_step": 4, "_timestamp": 1698947873.6563156, "_runtime": 69.98737049102783, "_step": 3, "_wandb": {"runtime": 71}}