{"train/loss": 3.913, "train/learning_rate": 0.0, "train/epoch": 0.12, "train/global_step": 7, "_timestamp": 1698417300.2696168, "_runtime": 131.5430998802185, "_step": 6, "_wandb": {"runtime": 142}}