{"train/loss": 3.863, "train/learning_rate": 2e-05, "train/epoch": 0.07, "train/global_step": 4, "_timestamp": 1699822216.0414433, "_runtime": 102.61027646064758, "_step": 3}