{"train/loss": 0.0, "train/learning_rate": 1.0000000000000002e-06, "train/epoch": 0.1, "train/global_step": 1, "_timestamp": 1698317020.76343, "_runtime": 5.950207233428955, "_step": 0, "_wandb": {"runtime": 14}}