{"train/loss": 4.9283, "train/learning_rate": 2e-05, "train/epoch": 0.04, "train/global_step": 2, "_timestamp": 1700039176.0883722, "_runtime": 78.32250022888184, "_step": 4, "eval/loss": 5.778966426849365, "eval/runtime": 14.7827, "eval/samples_per_second": 0.406, "eval/steps_per_second": 0.406, "train/train_runtime": 80.3911, "train/train_samples_per_second": 0.05, "train/train_steps_per_second": 0.025, "train/total_flos": 1170032662609920.0, "train/train_loss": 4.456435680389404, "_wandb": {"runtime": 86}}