{"train/loss": 3.7395, "train/learning_rate": 2e-05, "train/epoch": 0.02, "train/global_step": 4, "_timestamp": 1699091712.2194483, "_runtime": 18.06874132156372, "_step": 3, "_wandb": {"runtime": 19}}