{"train/loss": 0.0, "train/learning_rate": 1.0000000000000002e-06, "train/epoch": 0.1, "train/global_step": 1, "_timestamp": 1698316794.9749136, "_runtime": 5.923079490661621, "_step": 0, "_wandb": {"runtime": 14}}