{"train/loss": 0.0, "train/learning_rate": 8.000000000000001e-06, "train/epoch": 0.4, "train/global_step": 8, "_timestamp": 1698220980.3563626, "_runtime": 190.17840552330017, "_step": 7, "_wandb": {"runtime": 191}}