{"train/loss": 10.7353, "train/learning_rate": 2e-05, "train/epoch": 0.1, "train/global_step": 1, "_timestamp": 1698840244.6634045, "_runtime": 39.48799157142639, "_step": 0, "_wandb": {"runtime": 38}}