{"train/loss": 0.0, "train/learning_rate": 8.000000000000001e-06, "train/epoch": 0.4, "train/global_step": 8, "_timestamp": 1698144267.8380542, "_runtime": 85.12343525886536, "_step": 7, "_wandb": {"runtime": 95}}