{"train/loss": 5.5943, "train/learning_rate": 2e-05, "train/epoch": 0.1, "train/global_step": 5, "_timestamp": 1700046156.3722363, "_runtime": 102.73370027542114, "_step": 6, "eval/loss": 5.723191738128662, "eval/runtime": 15.2378, "eval/samples_per_second": 0.394, "eval/steps_per_second": 0.394, "train/train_runtime": 103.7688, "train/train_samples_per_second": 0.096, "train/train_steps_per_second": 0.048, "train/total_flos": 2261470377738240.0, "train/train_loss": 5.027072525024414, "_wandb": {"runtime": 102}}