{"train/loss": 3.8616, "train/learning_rate": 2e-05, "train/epoch": 0.07, "train/global_step": 4, "_timestamp": 1699821757.6976912, "_runtime": 85.86495327949524, "_step": 3, "_wandb": {"runtime": 90}}