{"train/loss": 1.6296, "train/learning_rate": 2.0000000000000003e-06, "train/epoch": 0.7, "train/global_step": 7, "_timestamp": 1698229981.4647284, "_runtime": 90.66505146026611, "_step": 6}