{"train/loss": 9.8533, "train/learning_rate": 0.0, "train/epoch": 0.4, "train/global_step": 1, "_timestamp": 1698338892.1562567, "_runtime": 46.91744065284729, "_step": 0, "_wandb": {"runtime": 56}}