{"train/loss": 5.2749, "train/learning_rate": 2e-05, "train/epoch": 0.34, "train/global_step": 5, "_timestamp": 1698507002.4016562, "_runtime": 65.3180341720581, "_step": 4, "_wandb": {"runtime": 64}}