{"train/loss": 8.2467, "train/learning_rate": 0.0, "train/epoch": 0.03, "train/global_step": 2, "_timestamp": 1698419332.408339, "_runtime": 38.96510696411133, "_step": 1, "_wandb": {"runtime": 46}}