{"train/loss": 0.4234, "train/learning_rate": 2e-05, "train/epoch": 28.72, "train/global_step": 420, "_timestamp": 1698562167.9552474, "_runtime": 38652.23650050163, "_step": 449, "eval/loss": 0.6566892266273499, "eval/runtime": 24.6174, "eval/samples_per_second": 0.569, "eval/steps_per_second": 0.284, "train/train_runtime": 38652.6631, "train/train_samples_per_second": 0.181, "train/train_steps_per_second": 0.011, "train/total_flos": 1.5378859216328458e+18, "train/train_loss": 1.1614326829711596, "_wandb": {"runtime": 38652}}