{"train/loss": 3.6566, "train/learning_rate": 2e-05, "train/epoch": 0.07, "train/global_step": 4, "_timestamp": 1698429168.5944154, "_runtime": 62.96984553337097, "_step": 3, "_wandb": {"runtime": 79}}