{"train/loss": 0.0, "train/learning_rate": 2e-05, "train/epoch": 3.0, "train/global_step": 60, "_timestamp": 1698222679.4860976, "_runtime": 776.5659265518188, "_step": 60, "train/train_runtime": 777.5708, "train/train_samples_per_second": 0.077, "train/train_steps_per_second": 0.077, "train/total_flos": 9660993734246400.0, "train/train_loss": 1.5400912761688232, "_wandb": {"runtime": 775}}