{"train/loss": 0.0, "train/learning_rate": 2.0000000000000003e-06, "train/epoch": 0.6, "train/global_step": 6, "_timestamp": 1698229389.6503136, "_runtime": 255.75931763648987, "_step": 5, "_wandb": {"runtime": 282}}