{"train/loss": 1.6291, "train/learning_rate": 9e-06, "train/epoch": 3.0, "train/global_step": 30, "_timestamp": 1698257128.804785, "_runtime": 379.28132700920105, "_step": 30, "train/train_runtime": 380.3214, "train/train_samples_per_second": 0.158, "train/train_steps_per_second": 0.079, "train/total_flos": 1.892232922870579e+16, "train/train_loss": 1.7197657346725463, "_wandb": {"runtime": 380}}