{"train/loss": 7.5459, "train/learning_rate": 0, "train/epoch": 0.14, "train/global_step": 8, "_timestamp": 1698419763.431775, "_runtime": 134.27948808670044, "_step": 7, "_wandb": {"runtime": 150}}