{"train/loss": 9.2365, "train/learning_rate": 9e-06, "train/epoch": 0.6, "train/global_step": 12, "_timestamp": 1698221490.28124, "_runtime": 150.10182094573975, "_step": 11, "_wandb": {"runtime": 150}}