{"train/loss": 4.341, "train/learning_rate": 0.0, "train/epoch": 0.03, "train/global_step": 3, "_timestamp": 1698420577.9162323, "_runtime": 43.59688639640808, "_step": 2, "_wandb": {"runtime": 58}}