{"train/loss": 0.0, "train/learning_rate": 2e-05, "train/epoch": 3.0, "train/global_step": 60, "_timestamp": 1698077185.559639, "_runtime": 658.5739059448242, "_step": 243, "loss": 0.0, "learning_rate": 2e-05, "epoch": 3.0, "GPU Memory Usage/Device 0": 23207, "GPU Memory Usage/Device 1": 20776, "train/train_runtime": 659.8251, "train/train_samples_per_second": 0.091, "train/train_steps_per_second": 0.091, "train/total_flos": 1.996978532253696e+16, "train/train_loss": 0.015512157479921978, "train_runtime": 659.8251, "train_samples_per_second": 0.091, "train_steps_per_second": 0.091, "total_flos": 1.996978532253696e+16, "train_loss": 0.015512157479921978, "_wandb": {"runtime": 658}}