{"train/loss": 10.5875, "train/learning_rate": 2e-05, "train/epoch": 0.03, "train/global_step": 1, "_timestamp": 1698949242.225308, "_runtime": 40.52974605560303, "_step": 0, "_wandb": {"runtime": 43}}