{"train/loss": 2.0031, "train/learning_rate": 4.000000000000001e-06, "train/epoch": 0.2, "train/global_step": 4, "_timestamp": 1698219976.4761407, "_runtime": 157.5702006816864, "_step": 3, "_wandb": {"runtime": 197}}