{"train/loss": 1.4912, "train/learning_rate": 1.0000000000000002e-06, "train/epoch": 0.4, "train/global_step": 4, "_timestamp": 1698251115.637445, "_runtime": 43.864476919174194, "_step": 3}