{"train/loss": 0.0, "train/learning_rate": 5e-06, "train/epoch": 0.25, "train/global_step": 5, "_timestamp": 1698220232.8541741, "_runtime": 170.9776270389557, "_step": 4, "_wandb": {"runtime": 202}}