{"train/loss": 3.8319, "train/learning_rate": 2e-05, "train/epoch": 0.04, "train/global_step": 1, "_timestamp": 1699862018.1361864, "_runtime": 93.87871146202087, "_step": 0, "_wandb": {"runtime": 139}}