{"train/loss": 8.676, "train/learning_rate": 2e-05, "train/epoch": 0.26, "train/global_step": 10, "_timestamp": 1698948315.151864, "_runtime": 244.03511905670166, "_step": 9, "_wandb": {"runtime": 258}}