{"train/loss": 3.6566, "train/learning_rate": 0, "train/epoch": 0.07, "train/global_step": 4, "_timestamp": 1698436749.5190635, "_runtime": 69.83166551589966, "_step": 3, "_wandb": {"runtime": 111}}