{"train/loss": 5.7879, "train/learning_rate": 2e-05, "train/epoch": 0.1, "train/global_step": 5, "_timestamp": 1700043808.99006, "_runtime": 153.89563608169556, "_step": 6, "eval/loss": 5.790000915527344, "eval/runtime": 15.5422, "eval/samples_per_second": 0.386, "eval/steps_per_second": 0.386, "train/train_runtime": 156.2553, "train/train_samples_per_second": 0.064, "train/train_steps_per_second": 0.032, "train/total_flos": 2261470377738240.0, "train/train_loss": 5.255976581573487, "_wandb": {"runtime": 169}}