{"train/loss": 4.6971, "train/learning_rate": 2e-05, "train/epoch": 0.07, "train/global_step": 2, "_timestamp": 1698601864.4640424, "_runtime": 91.14907741546631, "_step": 1, "_wandb": {"runtime": 95}}