{"train/loss": 3.5307, "train/learning_rate": 0.0, "train/epoch": 0.01, "train/global_step": 1, "_timestamp": 1698426694.8690743, "_runtime": 13.123017311096191, "_step": 0, "_wandb": {"runtime": 24}}