{"train/loss": 0.0, "train/learning_rate": 1.0000000000000002e-06, "train/epoch": 0.1, "train/global_step": 1, "_timestamp": 1698328729.1566467, "_runtime": 12.596879720687866, "_step": 0, "_wandb": {"runtime": 21}}