{"train/loss": 4.1009, "train/learning_rate": 2e-05, "train/epoch": 0.21, "train/global_step": 3, "_timestamp": 1698601246.4151087, "_runtime": 196.5617756843567, "_step": 2}