{"train/loss": 3.6566, "train/learning_rate": 0, "train/epoch": 0.07, "train/global_step": 4, "_timestamp": 1698435411.7381344, "_runtime": 60.534908294677734, "_step": 3, "_wandb": {"runtime": 87}}