{"train/loss": 4.427, "train/learning_rate": 2e-05, "train/epoch": 0.52, "train/global_step": 7, "_timestamp": 1699954867.9425538, "_runtime": 1518.6058666706085, "_step": 6}