{"train/loss": 0.7484, "train/learning_rate": 2e-05, "train/epoch": 4.75, "train/global_step": 70, "_timestamp": 1698353731.051364, "_runtime": 6541.853935956955, "_step": 70, "train/train_runtime": 6542.8835, "train/train_samples_per_second": 0.18, "train/train_steps_per_second": 0.011, "train/total_flos": 2.520179526378455e+17, "train/train_loss": 1.637548610993794, "_wandb": {"runtime": 6542}}