{"train/loss": 0.0, "train/learning_rate": 1.0000000000000002e-06, "train/epoch": 0.2, "train/global_step": 2, "_timestamp": 1698248422.1883729, "_runtime": 22.340985774993896, "_step": 1, "_wandb": {"runtime": 30}}