{"train/loss": 0.0, "train/learning_rate": 1.0000000000000002e-06, "train/epoch": 0.2, "train/global_step": 2, "_timestamp": 1698339158.4634516, "_runtime": 31.28679656982422, "_step": 1, "_wandb": {"runtime": 39}}