{"train/loss": 0.0, "train/learning_rate": 1.0000000000000002e-06, "train/epoch": 0.2, "train/global_step": 2, "_timestamp": 1698228959.6320646, "_runtime": 67.12671160697937, "_step": 1}