{"train/loss": 0.0, "train/learning_rate": 1.5000000000000002e-05, "train/epoch": 1.5, "train/global_step": 15, "_timestamp": 1698249678.8500779, "_runtime": 21.56465196609497, "_step": 14}