{"train/loss": 0.0, "train/learning_rate": 1.1000000000000001e-05, "train/epoch": 1.1, "train/global_step": 11, "_timestamp": 1698250382.127011, "_runtime": 42.720958948135376, "_step": 10, "_wandb": {"runtime": 44}}