{"train/loss": 8.0967, "train/learning_rate": 0.0, "train/epoch": 0.1, "train/global_step": 1, "_timestamp": 1698230702.0828545, "_runtime": 42.48730754852295, "_step": 0, "_wandb": {"runtime": 44}}