{"train/loss": 10.5877, "train/learning_rate": 2e-05, "train/epoch": 0.03, "train/global_step": 1, "_timestamp": 1698949567.4915369, "_runtime": 42.136502742767334, "_step": 0, "_wandb": {"runtime": 45}}