{"train/loss": 10.5882, "train/learning_rate": 2e-05, "train/epoch": 0.03, "train/global_step": 1, "_timestamp": 1698946794.9195292, "_runtime": 43.53924012184143, "_step": 0, "_wandb": {"runtime": 46}}