{"train/loss": 0.0, "train/learning_rate": 1.3000000000000001e-05, "train/epoch": 1.3, "train/global_step": 13, "_timestamp": 1698249537.8494077, "_runtime": 64.89355564117432, "_step": 12, "_wandb": {"runtime": 69}}