{"train/loss": 3.2387, "train/learning_rate": 0.0, "train/epoch": 0.1, "train/global_step": 6, "_timestamp": 1698416935.517593, "_runtime": 104.67102980613708, "_step": 5}