{"train/loss": 5.8064, "train/learning_rate": 2e-05, "train/epoch": 26.0, "train/global_step": 247, "_timestamp": 1698973325.0822067, "_runtime": 14957.66726565361, "_step": 273, "eval/loss": 6.2469401359558105, "eval/runtime": 10.4471, "eval/samples_per_second": 1.244, "eval/steps_per_second": 0.479, "train/train_runtime": 14958.7866, "train/train_samples_per_second": 0.457, "train/train_steps_per_second": 0.018, "train/total_flos": 3.7485543775650447e+18, "train/train_loss": 7.15201120917131, "_wandb": {"runtime": 14966}}