{"train/loss": 3.7834, "train/learning_rate": 2e-05, "train/epoch": 0.04, "train/global_step": 4, "_timestamp": 1699974087.6976228, "_runtime": 110.95513987541199, "_step": 8, "eval/loss": 5.778966426849365, "eval/runtime": 15.8148, "eval/samples_per_second": 0.379, "eval/steps_per_second": 0.379, "train/train_runtime": 111.977, "train/train_samples_per_second": 43.312, "train/train_steps_per_second": 43.312, "train/total_flos": 1170032662609920.0, "train/train_loss": 4.456435739994049, "_wandb": {"runtime": 110}}