{"train/loss": 3.6566, "train/learning_rate": 0, "train/epoch": 0.07, "train/global_step": 4, "_timestamp": 1698435192.6500278, "_runtime": 56.81396675109863, "_step": 3, "_wandb": {"runtime": 75}}