{"train/loss": 3.6566, "train/learning_rate": 2e-05, "train/epoch": 0.07, "train/global_step": 4, "_timestamp": 1698428524.6843724, "_runtime": 65.47973847389221, "_step": 3}