{"train/loss": 3.7466, "train/learning_rate": 0.0, "train/epoch": 0.32, "train/global_step": 19, "_timestamp": 1698418032.8894935, "_runtime": 402.0681085586548, "_step": 18, "_wandb": {"runtime": 409}}