{"train/loss": 0.0, "train/learning_rate": 7e-06, "train/epoch": 0.7, "train/global_step": 7, "_timestamp": 1698249814.6826916, "_runtime": 57.642499685287476, "_step": 6}