{"train/loss": 0.0, "train/learning_rate": 2.0000000000000003e-06, "train/epoch": 0.2, "train/global_step": 2, "_timestamp": 1698248333.4139736, "_runtime": 11.749012470245361, "_step": 1, "_wandb": {"runtime": 14}}