{"train/loss": 4.5569, "train/learning_rate": 0.0, "train/epoch": 0.1, "train/global_step": 1, "_timestamp": 1698248513.3446329, "_runtime": 15.130202770233154, "_step": 0, "_wandb": {"runtime": 17}}