{"train/loss": 0.0, "train/learning_rate": 1.0000000000000002e-06, "train/epoch": 0.1, "train/global_step": 1, "_timestamp": 1698316943.0385652, "_runtime": 5.9694130420684814, "_step": 0, "_wandb": {"runtime": 13}}