{"train/loss": 0.0, "train/learning_rate": 2.0000000000000003e-06, "train/epoch": 0.1, "train/global_step": 2, "_timestamp": 1698142404.899253, "_runtime": 25.986227989196777, "_step": 1}