{"train/loss": 0.0, "train/learning_rate": 2e-05, "train/epoch": 0.25, "train/global_step": 7, "_timestamp": 1699090671.5597157, "_runtime": 16.280998706817627, "_step": 6, "_wandb": {"runtime": 16}}