{"train/loss": 3.8382, "train/learning_rate": 2e-05, "train/epoch": 0.07, "train/global_step": 1, "_timestamp": 1698488876.5248055, "_runtime": 73.87710165977478, "_step": 0}