{"train/loss": 5.1532, "train/learning_rate": 2e-05, "train/epoch": 0.54, "train/global_step": 11, "_timestamp": 1699998780.5366209, "_runtime": 1596.871064901352, "_step": 10}