{"train/loss": 4.5638, "train/learning_rate": 2e-05, "train/epoch": 0.07, "train/global_step": 2, "_timestamp": 1698603199.0772657, "_runtime": 130.4453146457672, "_step": 1, "_wandb": {"runtime": 142}}