{"train/loss": 10.3354, "train/learning_rate": 2e-05, "train/epoch": 0.31, "train/global_step": 3, "_timestamp": 1698839270.3470416, "_runtime": 117.30386972427368, "_step": 2, "_wandb": {"runtime": 130}}