{"train/loss": 4.6974, "train/learning_rate": 2e-05, "train/epoch": 0.07, "train/global_step": 2, "_timestamp": 1698602952.2114224, "_runtime": 124.25938844680786, "_step": 1, "_wandb": {"runtime": 175}}