{"train/loss": 3.1293, "train/learning_rate": 0.0, "train/epoch": 0.05, "train/global_step": 3, "_timestamp": 1698417555.2123644, "_runtime": 60.95354247093201, "_step": 2, "_wandb": {"runtime": 70}}