{"train/loss": 0.0, "train/learning_rate": 1.2e-05, "train/epoch": 0.6, "train/global_step": 12, "_timestamp": 1698144479.249852, "_runtime": 146.51983189582825, "_step": 11, "_wandb": {"runtime": 146}}