{"train/loss": 4.432, "train/learning_rate": 2e-05, "train/epoch": 0.52, "train/global_step": 7, "_timestamp": 1699912743.0601165, "_runtime": 1494.2698175907135, "_step": 6}