{"train/loss": 0.0, "train/learning_rate": 2e-05, "train/epoch": 1.1, "train/global_step": 22, "_timestamp": 1697907651.4205396, "_runtime": 89.29174256324768, "_step": 21, "_wandb": {"runtime": 92}}