{"train/loss": 0.0, "train/learning_rate": 2.0000000000000003e-06, "train/epoch": 0.1, "train/global_step": 2, "_timestamp": 1698218743.525874, "_runtime": 61.80105495452881, "_step": 1, "_wandb": {"runtime": 90}}