{"train/loss": 0.0, "train/learning_rate": 1.2e-05, "train/epoch": 0.6, "train/global_step": 12, "_timestamp": 1698058713.9481566, "_runtime": 80.66888570785522, "_step": 11, "_wandb": {"runtime": 86}}