{"train/loss": 0.0, "train/learning_rate": 1.0000000000000002e-06, "train/epoch": 0.2, "train/global_step": 2, "_timestamp": 1698339369.4884412, "_runtime": 29.399590253829956, "_step": 1, "_wandb": {"runtime": 37}}