{"train/loss": 2.2731, "train/learning_rate": 2.0000000000000003e-06, "train/epoch": 0.8, "train/global_step": 8, "_timestamp": 1698249136.145048, "_runtime": 93.4948718547821, "_step": 7, "_wandb": {"runtime": 101}}