{"train/loss": 4.2548, "train/learning_rate": 2e-05, "train/epoch": 0.52, "train/global_step": 14, "_timestamp": 1699966933.2283244, "_runtime": 1507.6034455299377, "_step": 13}