{"train/loss": 0.0, "train/learning_rate": 2.0000000000000003e-06, "train/epoch": 0.2, "train/global_step": 2, "_timestamp": 1698230970.1297019, "_runtime": 41.71332097053528, "_step": 1}