{"train/loss": 3.9318, "train/learning_rate": 2e-05, "train/epoch": 0.07, "train/global_step": 1, "_timestamp": 1698522747.294478, "_runtime": 76.96593904495239, "_step": 0}