{"train/loss": 7.8356, "train/learning_rate": 0.0, "train/epoch": 0.17, "train/global_step": 10, "_timestamp": 1698420365.0184646, "_runtime": 150.3029556274414, "_step": 9, "_wandb": {"runtime": 150}}