{"train/loss": 0.0, "train/learning_rate": 6e-06, "train/epoch": 0.3, "train/global_step": 6, "_timestamp": 1698052309.7085898, "_runtime": 26.93904185295105, "_step": 5}