{"train/loss": 0.6333, "train/learning_rate": 2e-05, "train/epoch": 20.95, "train/global_step": 199, "_timestamp": 1699525482.241073, "_runtime": 43416.30142498016, "_step": 220, "eval/loss": 0.4770582616329193, "eval/runtime": 39.3207, "eval/samples_per_second": 0.331, "eval/steps_per_second": 0.127, "train/train_runtime": 43414.9073, "train/train_samples_per_second": 0.263, "train/train_steps_per_second": 0.01, "train/total_flos": 1.1308654196800094e+19, "train/train_loss": 1.6188352867287008, "_wandb": {"runtime": 43426}}