{"train/loss": 3.5307, "train/learning_rate": 0.0, "train/epoch": 0.01, "train/global_step": 1, "_timestamp": 1698426868.3206923, "_runtime": 13.13553524017334, "_step": 0, "_wandb": {"runtime": 24}}