{"train/loss": 0.0, "train/learning_rate": 2.0000000000000003e-06, "train/epoch": 0.1, "train/global_step": 2, "_timestamp": 1698143789.3502543, "_runtime": 25.704477310180664, "_step": 1}