{"train/loss": 0.0, "train/learning_rate": 2.0000000000000003e-06, "train/epoch": 0.1, "train/global_step": 2, "_timestamp": 1698220735.5613482, "_runtime": 17.967015266418457, "_step": 1, "_wandb": {"runtime": 24}}