{"train/loss": 1.4912, "train/learning_rate": 1.0000000000000002e-06, "train/epoch": 0.4, "train/global_step": 4, "_timestamp": 1698230368.3574162, "_runtime": 43.02377724647522, "_step": 3, "_wandb": {"runtime": 50}}