{"train/loss": 3.8382, "train/learning_rate": 2e-05, "train/epoch": 0.07, "train/global_step": 1, "_timestamp": 1698489251.4377196, "_runtime": 88.69428658485413, "_step": 0, "_wandb": {"runtime": 111}}