{"train/loss": 7.8751, "train/learning_rate": 2e-05, "train/epoch": 0.26, "train/global_step": 5, "_timestamp": 1698949020.321927, "_runtime": 471.9778311252594, "_step": 4}