{"train/loss": 0.0, "train/learning_rate": 1.5000000000000002e-05, "train/epoch": 1.5, "train/global_step": 15, "_timestamp": 1698250050.2041106, "_runtime": 36.53550171852112, "_step": 14, "_wandb": {"runtime": 37}}