{"train/loss": 0.0, "train/learning_rate": 1.7e-05, "train/epoch": 1.7, "train/global_step": 17, "_timestamp": 1698250126.7784648, "_runtime": 25.259880781173706, "_step": 16, "_wandb": {"runtime": 25}}