{"train/loss": 7.5354, "train/learning_rate": 2e-05, "train/epoch": 0.16, "train/global_step": 1, "_timestamp": 1700136388.2376628, "_runtime": 236.4271068572998, "_step": 0, "_wandb": {"runtime": 307}}