{"train/loss": 0.0, "train/learning_rate": 4.000000000000001e-06, "train/epoch": 0.2, "train/global_step": 4, "_timestamp": 1698171038.9027822, "_runtime": 45.98684120178223, "_step": 3, "_wandb": {"runtime": 48}}