{"train/loss": 0.0, "train/learning_rate": 8.000000000000001e-06, "train/epoch": 0.8, "train/global_step": 8, "_timestamp": 1698249957.85225, "_runtime": 12.49553918838501, "_step": 7, "_wandb": {"runtime": 12}}