{"train/loss": 1.1202, "train/learning_rate": 2e-05, "train/epoch": 26.89, "train/global_step": 163, "_timestamp": 1699996917.7440846, "_runtime": 22680.524293661118, "_step": 190, "eval/loss": 0.40942618250846863, "eval/runtime": 18.4611, "eval/samples_per_second": 0.325, "eval/steps_per_second": 0.325, "train/train_runtime": 22681.5777, "train/train_samples_per_second": 0.214, "train/train_steps_per_second": 0.013, "train/total_flos": 5.3118466705391616e+17, "train/train_loss": 2.116772052517698, "_wandb": {"runtime": 22680}}