{"train/loss": 4.232, "train/learning_rate": 2e-05, "train/epoch": 0.22, "train/global_step": 3, "_timestamp": 1699822728.3387365, "_runtime": 307.3636095523834, "_step": 2}