{"train/loss": 5.0022, "train/learning_rate": 2e-05, "train/epoch": 0.1, "train/global_step": 1, "_timestamp": 1698924972.622527, "_runtime": 45.397183895111084, "_step": 2, "eval/loss": 4.096309661865234, "eval/runtime": 6.4477, "eval/samples_per_second": 2.171, "eval/steps_per_second": 0.775, "train/train_runtime": 46.2442, "train/train_samples_per_second": 201.539, "train/train_steps_per_second": 8.65, "train/total_flos": 1.3514260625752064e+16, "train/train_loss": 5.0022172927856445, "_wandb": {"runtime": 53}}