{"train/loss": 1.98, "train/learning_rate": 0.0, "train/epoch": 2.4, "train/global_step": 6, "_timestamp": 1698329537.1529825, "_runtime": 311.9483995437622, "_step": 6, "train/train_runtime": 312.9442, "train/train_samples_per_second": 0.192, "train/train_steps_per_second": 0.019, "train/total_flos": 1.5177875405668352e+16, "train/train_loss": 4.897255996863048, "_wandb": {"runtime": 313}}