{"train/loss": 0.0, "train/learning_rate": 1.0000000000000002e-06, "train/epoch": 0.1, "train/global_step": 1, "_timestamp": 1698316542.3416343, "_runtime": 6.002554178237915, "_step": 0, "_wandb": {"runtime": 13}}