{"train/loss": 0.6929, "train/learning_rate": 2e-05, "train/epoch": 36.98, "train/global_step": 490, "_timestamp": 1699422738.5417888, "_runtime": 28182.344987869263, "_step": 527, "eval/loss": 0.6818810701370239, "eval/runtime": 11.1977, "eval/samples_per_second": 1.607, "eval/steps_per_second": 0.536, "train/train_runtime": 28177.9572, "train/train_samples_per_second": 0.564, "train/train_steps_per_second": 0.023, "train/total_flos": 6.085784758401368e+18, "train/train_loss": 1.7185961050038434, "_wandb": {"runtime": 28194}}