{"train/loss": 0.0, "train/learning_rate": 2.0000000000000003e-06, "train/epoch": 0.6, "train/global_step": 6, "_timestamp": 1698256554.9435098, "_runtime": 60.56746172904968, "_step": 5}