{"train/loss": 8.1122, "train/learning_rate": 2e-05, "train/epoch": 0.31, "train/global_step": 6, "_timestamp": 1698948449.283278, "_runtime": 460.03690099716187, "_step": 5, "_wandb": {"runtime": 483}}