{"train/loss": 0.0, "train/learning_rate": 7e-06, "train/epoch": 0.35, "train/global_step": 7, "_timestamp": 1698219765.811953, "_runtime": 250.52979016304016, "_step": 6, "_wandb": {"runtime": 254}}