{"train/loss": 4.1714, "train/learning_rate": 2e-05, "train/epoch": 0.13, "train/global_step": 7, "_timestamp": 1699821993.4522476, "_runtime": 172.3919825553894, "_step": 6}