{"train/loss": 0.0, "train/learning_rate": 2e-05, "train/epoch": 0.21, "train/global_step": 6, "_timestamp": 1699090892.6757247, "_runtime": 13.356911659240723, "_step": 5, "_wandb": {"runtime": 14}}