{"train/loss": 1.6126, "train/learning_rate": 2e-05, "train/epoch": 0.01, "train/global_step": 3, "_timestamp": 1699288973.1222441, "_runtime": 65.53043222427368, "_step": 6, "eval/loss": 3.851165294647217, "eval/runtime": 15.2127, "eval/samples_per_second": 0.855, "eval/steps_per_second": 0.855, "train/train_runtime": 66.5723, "train/train_samples_per_second": 102.746, "train/train_steps_per_second": 102.746, "train/total_flos": 1201706683269120.0, "train/train_loss": 3.671445449193319, "_wandb": {"runtime": 64}}