{"train/loss": 8.0866, "train/learning_rate": 0.0, "train/epoch": 0.1, "train/global_step": 1, "_timestamp": 1698316316.0611835, "_runtime": 12.794077396392822, "_step": 0, "_wandb": {"runtime": 24}}