{"train/loss": 3.9318, "train/learning_rate": 2e-05, "train/epoch": 0.07, "train/global_step": 1, "_timestamp": 1698604713.3224018, "_runtime": 67.45314884185791, "_step": 0, "_wandb": {"runtime": 74}}