{"train/loss": 4.9283, "train/learning_rate": 2e-05, "train/epoch": 0.04, "train/global_step": 2, "_timestamp": 1700035772.325032, "_runtime": 78.32428288459778, "_step": 4, "eval/loss": 5.778966426849365, "eval/runtime": 15.3464, "eval/samples_per_second": 0.391, "eval/steps_per_second": 0.391, "train/train_runtime": 79.3073, "train/train_samples_per_second": 0.05, "train/train_steps_per_second": 0.025, "train/total_flos": 1170032662609920.0, "train/train_loss": 4.456435680389404, "_wandb": {"runtime": 77}}