{"train/loss": 10.5882, "train/learning_rate": 2e-05, "train/epoch": 0.03, "train/global_step": 1, "_timestamp": 1698946386.0346017, "_runtime": 44.627235651016235, "_step": 0, "_wandb": {"runtime": 47}}