{"train/loss": 7.8193, "train/learning_rate": 2e-05, "train/epoch": 0.21, "train/global_step": 3, "_timestamp": 1698946928.3131225, "_runtime": 280.0087604522705, "_step": 2, "_wandb": {"runtime": 362}}