{"train/loss": 0.0, "train/learning_rate": 1.7e-05, "train/epoch": 0.85, "train/global_step": 17, "_timestamp": 1698074908.551787, "_runtime": 154.52065992355347, "_step": 16, "_wandb": {"runtime": 162}}