{"train/loss": 0.0, "train/learning_rate": 9e-06, "train/epoch": 0.45, "train/global_step": 9, "_timestamp": 1698220567.6546571, "_runtime": 94.06791710853577, "_step": 8, "_wandb": {"runtime": 103}}