{"train/loss": 0.0, "train/learning_rate": 1.0000000000000002e-06, "train/epoch": 0.05, "train/global_step": 1, "_timestamp": 1697907313.8834972, "_runtime": 13.407094240188599, "_step": 0, "_wandb": {"runtime": 12}}