{"train/loss": 0.0, "train/learning_rate": 2e-05, "train/epoch": 0.14, "train/global_step": 4, "_timestamp": 1699091504.8739467, "_runtime": 10.495976686477661, "_step": 3, "_wandb": {"runtime": 11}}