{"train/loss": 3.8382, "train/learning_rate": 2e-05, "train/epoch": 0.07, "train/global_step": 1, "_timestamp": 1698489047.2442114, "_runtime": 80.12421536445618, "_step": 0, "_wandb": {"runtime": 118}}