{"train/loss": 0.0, "train/learning_rate": 2.0000000000000003e-06, "train/epoch": 0.1, "train/global_step": 2, "_timestamp": 1698142657.6885717, "_runtime": 25.782569646835327, "_step": 1}