{"train/loss": 6.4335, "train/learning_rate": 2e-05, "train/epoch": 0.01, "train/global_step": 2, "_timestamp": 1699091781.00966, "_runtime": 14.200005054473877, "_step": 1, "_wandb": {"runtime": 16}}