{"train/loss": 1.5692, "train/learning_rate": 2e-05, "train/epoch": 2.85, "train/global_step": 42, "_timestamp": 1698346746.5525234, "_runtime": 3856.1650693416595, "_step": 42, "train/train_runtime": 3857.1916, "train/train_samples_per_second": 0.183, "train/train_steps_per_second": 0.011, "train/total_flos": 1.5129384339059507e+17, "train/train_loss": 1.9833157857259114, "_wandb": {"runtime": 3857}}