{"train/loss": 3.264, "train/learning_rate": 2e-05, "train/epoch": 0.14, "train/global_step": 8, "_timestamp": 1698437278.9624615, "_runtime": 226.94542050361633, "_step": 9, "eval/loss": 4.195674896240234, "eval/runtime": 49.4887, "eval/samples_per_second": 0.546, "eval/steps_per_second": 0.283}