{"train/loss": 0.0, "train/learning_rate": 2.0000000000000003e-06, "train/epoch": 0.1, "train/global_step": 2, "_timestamp": 1698144670.1498256, "_runtime": 26.76946759223938, "_step": 1}