{"train/loss": 0.0, "train/learning_rate": 2.0000000000000003e-06, "train/epoch": 0.1, "train/global_step": 2, "_timestamp": 1698141882.0270922, "_runtime": 26.31890630722046, "_step": 1}