{"train/loss": 4.4424, "train/learning_rate": 2e-05, "train/epoch": 0.95, "train/global_step": 9, "_timestamp": 1699394370.403052, "_runtime": 287.21849298477173, "_step": 8, "_wandb": {"runtime": 297}}